<?xml version="1.0" encoding="UTF-8"?>
<beans xmlns="http://www.springframework.org/schema/beans"
	xmlns:xsi="http://www.w3.org/2001/XMLSchema-instance"
	xmlns:mybatis-spring="http://mybatis.org/schema/mybatis-spring"
	xmlns:context="http://www.springframework.org/schema/context"
	xmlns:aop="http://www.springframework.org/schema/aop"
	xmlns:tx="http://www.springframework.org/schema/tx"
	xsi:schemaLocation="http://mybatis.org/schema/mybatis-spring http://mybatis.org/schema/mybatis-spring-1.2.xsd
		http://www.springframework.org/schema/beans http://www.springframework.org/schema/beans/spring-beans.xsd
		http://www.springframework.org/schema/context http://www.springframework.org/schema/context/spring-context-4.3.xsd
		http://www.springframework.org/schema/aop http://www.springframework.org/schema/aop/spring-aop-4.3.xsd
		http://www.springframework.org/schema/tx http://www.springframework.org/schema/tx/spring-tx-4.3.xsd">
	
	<!-- Root Context: defines shared resources visible to all other web components -->
	<bean id="hikariConfig" class="com.zaxxer.hikari.HikariConfig">
<!-- 		<property name="driverClassName" value="oracle.jdbc.driver.OracleDriver"></property>
		<property name="jdbcUrl" value="jdbc:oracle:thin:@localhost:1521:xe"></property> -->
		<property name="driverClassName" value="net.sf.log4jdbc.sql.jdbcapi.DriverSpy"></property>
		<property name="jdbcUrl" value="jdbc:log4jdbc:oracle:thin:@192.168.0.125:1521:xe"></property>
		<property name="username" value="hr"></property>
		<property name="password" value="hr"></property>
	</bean>
		 
	<bean id="dataSource" class="com.zaxxer.hikari.HikariDataSource" destroy-method="close">
		<constructor-arg ref="hikariConfig"/>
	</bean>
	
	<bean id="sqlSessionFactory" class="org.mybatis.spring.SqlSessionFactoryBean">
		<property name="dataSource" ref="dataSource"></property>		
	</bean>	
	
	<!-- 트랜잭션처리를 위한 트랜잭션매니저 등록 -->	
 	<bean id="transactionManager" class="org.springframework.jdbc.datasource.DataSourceTransactionManager">
		<property name="dataSource" ref="dataSource"/>
	</bean>	 
	
	<tx:annotation-driven/>
		
	<!-- 매퍼등록 -->
	<mybatis-spring:scan base-package="com.one.doo.member.mapper"/>
	<mybatis-spring:scan base-package="com.one.doo.auth.mapper"/>
	<!-- <mybatis-spring:scan base-package="com.one.doo.board.mapper"></mybatis-spring:scan> -->
	<!-- <mybatis-spring:scan base-package="com.one.doo.auth.mapper"></mybatis-spring:scan> -->
	
	<!-- 서비스등록 -->	
	<context:component-scan base-package="com.one.doo.member.service"/>
	<!-- <context:component-scan base-package="com.one.doo.member"></context:component-scan> -->
	<!--AOP 프록시 설정-->
	<aop:aspectj-autoproxy/>
	
</beans>
