<?xml version="1.0" encoding="utf-8"?>
<!DOCTYPE mapper PUBLIC "-//mybatis.org//DTD Mapper 3.0//EN"
                        "http://mybatis.org/dtd/mybatis-3-mapper.dtd">
<mapper namespace="com.one.doo.board.mapper.BoardMapper">

			<sql id="criteria">
					<trim prefix="(" suffix= ") AND " prefixOverrides ="OR">
						<foreach item='type' collection="typeArr">
							<trim prefix="OR">
							<choose>
								<when test="type == 'T'.toString()">
									title like '%'||#{keyword}||'%'
								</when>
								<when test="type == 'C'.toString()">
									title like '%'||#{keyword}||'%'
								</when>
								<when test="type == 'W'.toString()">
									title like '%'||#{keyword}||'%'
								</when>
							</choose>
							</trim>
						</foreach>
					</trim>
			</sql>


	<select id="getList" resultType="com.one.doo.board.domain.Board">
		<![CDATA[SELECT * FROM tbl_board where bno > 0]]>
	</select>
	
	<select id="getListWithPaging" resultType="com.one.doo.board.domain.Board">
		<![CDATA[
		SELECT bno, title, content, writer, regdate, updatedate, replycnt 
		FROM (SELECT /* + INDEX_DESC(tbl_board pk board) */
					rownum rn, bno, title, content, writer, regdate, updatedate, replycnt
					FROM tbl_board
					WHERE 	]]>
						<include refid="criteria"></include>
					<![CDATA[
					rownum <= #{pageNum} * #{amount}
					)
				WHERE rn > (#{pageNum} -1) * #{amount}
					]]>
	</select>

	<select id="getTotalCount" resultType="int">
		SELECT count(*) FROM tbl_board WHERE 
		<include refid="criteria"></include>
		bno > 0
	</select>


	<insert id="insert">
		INSERT INTO tbl_board (bno, title, content, writer)
		VALUES (seq_board.nextval, #{title}, #{content}, #{writer})
	</insert>

	<insert id="insertSelectKey">
		<selectKey keyProperty="bno" order="BEFORE" resultType="long">
			SELECT seq_board.nextval FROM dual
		</selectKey>
		
		INSERT INTO tbl_board (bno, title, content, writer)
		VALUES (#{bno}, #{title}, #{content}, #{writer})
	</insert>
	
	
	<select id="read" resultType="com.one.doo.board.domain.Board">
	 	SELECT * FROM tbl_board WHERE bno = #{bno}
	</select>
	
	
	<delete id="delete">
		DELETE tbl_board WHERE bno = #{bno}
	</delete>
	
	
	<update id="update">
		UPDATE tbl_board
		SET 		title=#{title},
			   		content=#{content},
			   		writer=#{writer},
			   		updateDate=sysdate
		WHERE bno = #{bno}
	</update>
	
	
	<update id="updateReplyCnt">
		UPDATE tbl_board SET replycnt = replycnt + #{amount} WHERE bno = #{bno}
	</update>
	
</mapper>